filename,family,name,peakDbfs,rmsDbfs,crestDb,dcOffset,stereoCorrelation,centroidHz,lowRatio,midRatio,highRatio,envMotionDb,centroidMotionHz,loopClickEnergy,clippedSamples,issues
001 - Bass -  Acoustic Bass.acp,Bass,Bass / Acoustic Bass,-3.67,-17.95,14.28,0.000000,0.9888,208.0,0.8030,0.1898,0.0072,8.650,71.3,0.0200,0,
002 - Bass -  Fingered E-Bass.acp,Bass,Bass / Fingered E-Bass,-2.96,-12.59,9.63,0.000001,0.9910,985.1,0.5328,0.2747,0.1925,7.961,353.4,0.0027,0,
003 - Bass -  Picked E-Bass.acp,Bass,Bass / Picked E-Bass,-1.86,-12.41,10.55,-0.000000,0.9902,306.1,0.5832,0.4099,0.0069,6.608,130.1,0.2501,0,
004 - Bass -  Fretless Bass.acp,Bass,Bass / Fretless Bass,-3.59,-22.01,18.42,-0.000000,0.9904,336.8,0.4751,0.5147,0.0101,7.139,137.3,0.0819,0,
005 - Bass -  Slap Bass.acp,Bass,Bass / Slap Bass,-1.86,-17.19,15.33,-0.000000,0.9903,677.8,0.4431,0.4365,0.1204,9.758,499.5,0.0010,0,
006 - Bass -  Slap Bass 2.acp,Bass,Bass / Slap Bass 2,-1.86,-16.70,14.84,-0.000000,0.9903,677.6,0.4432,0.4365,0.1203,9.721,513.6,0.0010,0,
007 - Bass -  Synth Bass 1.acp,Bass,Bass / Synth Bass 1,0.20,-12.47,12.68,-0.000001,0.9912,1365.6,0.3271,0.4220,0.2510,8.430,199.5,0.0000,8,
008 - Bass -  Synth Bass 2.acp,Bass,Bass / Synth Bass 2,-2.64,-10.97,8.34,-0.000000,0.9900,283.2,0.6977,0.2860,0.0163,6.489,231.5,0.1385,0,
009 - Lead -  Square Lead.acp,Lead,Lead / Square Lead,0.30,-9.90,10.20,-0.000001,0.9820,2894.8,0.0012,0.5960,0.4028,4.691,428.0,0.0000,4,
010 - Lead -  Sawtooth Lead.acp,Lead,Lead / Sawtooth Lead,-0.09,-13.50,13.41,0.000000,0.9856,3937.8,0.0013,0.4675,0.5311,5.093,574.7,0.0000,0,
011 - Lead -  Calliope Lead.acp,Lead,Lead / Calliope Lead,-6.53,-20.96,14.43,0.000002,0.9843,1019.0,0.0010,0.9146,0.0844,4.457,418.0,0.2101,0,
012 - Lead -  Chiff Lead.acp,Lead,Lead / Chiff Lead,-5.41,-18.41,13.00,-0.000002,0.9870,1067.1,0.0015,0.9445,0.0540,3.731,357.7,0.1396,0,
013 - Lead -  Charang Lead.acp,Lead,Lead / Charang Lead,-1.52,-8.44,6.92,-0.000000,0.9880,4332.6,0.0029,0.5267,0.4704,5.054,548.9,0.0000,0,
014 - Lead -  Voice Lead.acp,Lead,Lead / Voice Lead,-6.08,-16.92,10.84,-0.000000,0.9859,3470.5,0.0045,0.5248,0.4707,3.487,866.4,0.0054,0,
015 - Lead -  Fifths Lead.acp,Lead,Lead / Fifths Lead,-1.01,-13.70,12.69,-0.000001,0.9822,3434.0,0.0038,0.4973,0.4989,4.918,523.6,0.0000,0,
016 - Lead -  Bass_Lead.acp,Lead,Lead / Bass+Lead,-1.51,-8.44,6.94,-0.000000,0.9880,4156.2,0.0029,0.5338,0.4634,5.051,693.7,0.0000,0,
017 - Pad -  New Age Pad.acp,Pad,Pad / New Age Pad,-2.23,-15.54,13.31,-0.000000,0.7543,2645.4,0.0012,0.5792,0.4196,9.031,255.4,0.2383,0,
018 - Pad -  Warm Pad.acp,Pad,Pad / Warm Pad,-0.36,-13.12,12.76,0.000000,0.8388,2782.8,0.0475,0.5786,0.3738,15.949,260.8,0.0000,0,
019 - Pad -  Polysynth Pad.acp,Pad,Pad / Polysynth Pad,0.75,-14.33,15.09,-0.000000,0.8368,4297.4,0.0044,0.4101,0.5855,16.206,343.4,0.0000,5,
020 - Pad -  Choir Pad.acp,Pad,Pad / Choir Pad,-2.20,-16.58,14.37,0.000000,0.7880,1339.7,0.0016,0.8502,0.1482,9.320,89.2,0.1333,0,
021 - Pad -  Bowed Pad.acp,Pad,Pad / Bowed Pad,-4.30,-16.90,12.60,0.000000,0.8632,1083.4,0.0011,0.8941,0.1047,10.710,342.9,0.3576,0,
022 - Pad -  Metallic Pad.acp,Pad,Pad / Metallic Pad,-21.30,-41.78,20.48,-0.000000,0.8446,10594.1,0.0000,0.0194,0.9806,8.904,905.0,0.1901,0,
023 - Pad -  Halo Pad.acp,Pad,Pad / Halo Pad,-27.91,-46.68,18.77,-0.000000,0.7935,9027.4,0.0000,0.0307,0.9693,6.775,976.2,0.0241,0,
024 - Pad -  Sweep Pad.acp,Pad,Pad / Sweep Pad,-2.56,-16.68,14.12,-0.000001,0.8340,1467.8,0.0024,0.7730,0.2246,8.998,93.7,0.0225,0,
025 - Pluck -  Nylon Guitar.acp,Pluck,Pluck / Nylon Guitar,-4.03,-20.94,16.91,-0.000000,0.9450,2281.9,0.0210,0.6768,0.3022,10.250,540.1,0.0000,0,
026 - Pluck -  Steel Guitar.acp,Pluck,Pluck / Steel Guitar,-3.99,-23.07,19.09,-0.000003,0.9521,2964.2,0.0111,0.5524,0.4365,5.355,1209.7,0.0000,0,
027 - Pluck -  Jazz Guitar.acp,Pluck,Pluck / Jazz Guitar,-3.86,-23.29,19.43,0.000000,0.9411,3172.0,0.0114,0.3290,0.6596,6.057,515.3,0.0000,0,
028 - Pluck -  Clean Guitar.acp,Pluck,Pluck / Clean Guitar,-4.53,-21.96,17.43,-0.000000,0.9500,2962.9,0.0016,0.2460,0.7524,6.252,431.9,0.0000,0,
029 - Pluck -  Muted Guitar.acp,Pluck,Pluck / Muted Guitar,-4.74,-25.73,20.99,-0.000000,0.9348,2477.0,0.0046,0.5290,0.4664,15.663,426.4,0.0000,0,
030 - Pluck -  Harp.acp,Pluck,Pluck / Harp,-4.82,-16.65,11.82,-0.000000,0.9685,727.1,0.0029,0.9615,0.0357,14.657,119.5,0.0000,0,
031 - Pluck -  Koto.acp,Pluck,Pluck / Koto,-4.62,-26.53,21.91,0.000000,0.9415,2537.2,0.0135,0.4529,0.5336,13.188,654.6,0.0000,0,
032 - Pluck -  Kalimba.acp,Pluck,Pluck / Kalimba,-4.36,-29.66,25.29,-0.000000,0.9526,3294.5,0.0246,0.4533,0.5220,15.612,650.4,0.0000,0,
033 - Keys -  Acoustic Grand.acp,Keys,Keys / Acoustic Grand,-1.97,-22.93,20.97,-0.000000,0.9611,1734.9,0.0195,0.6893,0.2913,5.973,581.0,0.0480,0,
034 - Keys -  Bright Piano.acp,Keys,Keys / Bright Piano,-1.91,-22.96,21.05,-0.000000,0.9612,1721.2,0.0196,0.6924,0.2881,5.967,583.5,0.0480,0,
035 - Keys -  Electric Grand.acp,Keys,Keys / Electric Grand,-1.43,-21.33,19.90,0.000000,0.9719,680.3,0.0030,0.9301,0.0669,14.520,648.7,0.0005,0,
036 - Keys -  Honky-Tonk.acp,Keys,Keys / Honky-Tonk,-2.03,-22.81,20.79,0.000000,0.9609,1751.5,0.0193,0.6856,0.2950,6.618,596.5,0.0411,0,
037 - Keys -  Rhodes EP.acp,Keys,Keys / Rhodes EP,0.01,-16.01,16.02,-0.000000,0.9615,1384.5,0.0077,0.8230,0.1694,5.463,98.2,0.2003,2,
038 - Keys -  Chorus EP.acp,Keys,Keys / Chorus EP,0.73,-20.57,21.30,0.000000,0.9643,2381.1,0.0194,0.6706,0.3100,8.086,376.8,0.0449,8,
039 - Keys -  Harpsichord.acp,Keys,Keys / Harpsichord,0.49,-21.64,22.13,0.000000,0.9688,2652.7,0.0035,0.6405,0.3560,13.230,906.0,0.0054,2,
040 - Keys -  Clavinet.acp,Keys,Keys / Clavinet,0.39,-25.51,25.90,-0.000000,0.9597,1826.9,0.0140,0.7369,0.2492,18.686,1266.4,0.0000,4,
041 - Bell -  Celesta.acp,Bell,Bell / Celesta,-3.47,-15.05,11.57,-0.000000,0.9727,1232.8,0.0034,0.8725,0.1241,18.575,243.1,0.0000,0,
042 - Bell -  Glockenspiel.acp,Bell,Bell / Glockenspiel,-3.00,-21.17,18.17,0.000000,0.9666,11434.2,0.0008,0.0473,0.9518,19.744,2928.2,0.0000,0,
043 - Bell -  Music Box.acp,Bell,Bell / Music Box,-3.55,-19.71,16.16,0.000000,0.9649,5308.3,0.0022,0.3127,0.6851,20.043,1149.4,0.0000,0,
044 - Bell -  Vibraphone.acp,Bell,Bell / Vibraphone,-3.04,-21.88,18.85,0.000000,0.9438,5922.6,0.0052,0.2271,0.7677,18.270,945.6,0.0000,0,
045 - Bell -  Marimba.acp,Bell,Bell / Marimba,-3.15,-19.11,15.96,-0.000000,0.9495,2520.4,0.0027,0.3387,0.6586,18.910,448.1,0.0000,0,
046 - Bell -  Xylophone.acp,Bell,Bell / Xylophone,-3.17,-16.67,13.50,0.000000,0.9673,1809.2,0.0075,0.6071,0.3854,19.487,313.6,0.0000,0,
047 - Bell -  Tubular Bells.acp,Bell,Bell / Tubular Bells,-3.41,-18.95,15.55,0.000000,0.9444,2788.9,0.0080,0.5287,0.4634,13.753,490.9,0.0000,0,
048 - Bell -  Dulcimer.acp,Bell,Bell / Dulcimer,-3.44,-22.73,19.29,0.000000,0.9561,5535.4,0.0026,0.4518,0.5457,15.536,1271.4,0.0000,0,
049 - Ensemble -  String Ensemble.acp,Ensemble,Ensemble / String Ensemble,-2.52,-16.64,14.12,-0.000001,0.8633,1869.4,0.0028,0.6365,0.3607,4.903,123.4,0.0168,0,
050 - Ensemble -  Strings 2.acp,Ensemble,Ensemble / Strings 2,-2.50,-16.64,14.15,-0.000001,0.8635,1877.6,0.0028,0.6341,0.3632,5.237,123.5,0.0168,0,
051 - Ensemble -  Synth Strings 1.acp,Ensemble,Ensemble / Synth Strings 1,0.48,-9.67,10.14,0.000000,0.8548,3019.5,0.0550,0.5462,0.3988,8.408,479.2,0.0000,13,
052 - Ensemble -  Synth Strings 2.acp,Ensemble,Ensemble / Synth Strings 2,0.32,-9.69,10.01,0.000000,0.8549,3059.2,0.0549,0.5452,0.3999,8.424,491.1,0.0000,12,
053 - Ensemble -  Choir Aahs.acp,Ensemble,Ensemble / Choir Aahs,-3.41,-18.05,14.63,0.000000,0.7848,2056.2,0.0010,0.6740,0.3249,7.114,202.1,0.0662,0,
054 - Ensemble -  Voice Oohs.acp,Ensemble,Ensemble / Voice Oohs,-2.30,-16.48,14.18,0.000001,0.8973,2549.9,0.0093,0.6262,0.3645,5.377,391.0,0.0526,0,
055 - Ensemble -  Synth Voice.acp,Ensemble,Ensemble / Synth Voice,-1.47,-11.87,10.41,0.000002,0.8809,1251.9,0.0299,0.8177,0.1524,3.634,152.8,0.0126,0,
056 - Ensemble -  Orchestra Hit.acp,Ensemble,Ensemble / Orchestra Hit,-2.12,-19.49,17.37,0.000002,0.8683,1771.1,0.2197,0.4657,0.3146,6.154,518.5,0.1567,0,
057 - FX -  Rain.acp,FX,FX / Rain,-4.73,-17.91,13.18,0.000008,0.8050,588.2,0.2017,0.7470,0.0513,2.206,135.1,0.1827,0,
058 - FX -  Soundtrack.acp,FX,FX / Soundtrack,-3.32,-15.68,12.36,-0.000004,0.8082,1308.3,0.0065,0.8403,0.1532,3.735,146.4,0.0118,0,
059 - FX -  Crystal.acp,FX,FX / Crystal,-2.64,-12.90,10.26,-0.000002,0.7547,3177.0,0.1005,0.4571,0.4424,4.206,216.1,0.0000,0,
060 - FX -  Atmosphere.acp,FX,FX / Atmosphere,-5.68,-19.90,14.22,-0.000002,0.8119,1222.5,0.0189,0.8336,0.1476,6.245,318.8,0.1532,0,
061 - FX -  Brightness.acp,FX,FX / Brightness,-4.81,-16.16,11.35,-0.000005,0.8043,2060.2,0.0050,0.6723,0.3228,4.119,244.5,0.0016,0,
062 - FX -  Goblins.acp,FX,FX / Goblins,-4.22,-14.92,10.70,0.000004,0.7978,1485.1,0.0088,0.7540,0.2372,2.784,313.8,0.0125,0,
063 - FX -  Synth Riser.acp,FX,FX / Synth Riser,0.30,-12.70,13.00,-0.000020,0.7164,8312.7,0.0284,0.2092,0.7623,4.097,560.4,0.0704,5,
064 - FX -  Synth Downer.acp,FX,FX / Synth Downer,-0.20,-11.09,10.89,-0.000002,0.9248,1207.9,0.0068,0.8025,0.1907,2.909,234.4,0.5275,0,
